dz_mse,judge_accept,run_id,talk_vote_align,vill_vote_accuracy
0.020253173913043477,nan,S2_alpha0.3_seed1337_game0_aaa853fc,0.6478260869565218,0.35294117647058826
0.019476695652173914,nan,S2_alpha0.3_seed1337_game1_4ac0c076,0.6608695652173913,0.29411764705882354
0.02241442857142857,nan,S2_alpha0.3_seed1337_game2_78d38e31,0.5666666666666667,0.4666666666666667
0.017836914285714284,nan,S2_alpha0.3_seed1337_game3_dbdbb833,0.5857142857142857,0.36
0.01927489655172414,nan,S2_alpha0.3_seed1337_game4_9677436b,0.5793103448275863,0.23809523809523808
0.019499933333333334,nan,S2_alpha0.3_seed1337_game5_313a3df4,0.6933333333333334,0.42857142857142855
0.0219323125,nan,S2_alpha0.3_seed1337_game6_d532e0f2,0.690625,0.17391304347826086
0.021318814814814815,nan,S2_alpha0.3_seed1337_game7_c84d5f98,0.5925925925925926,0.2857142857142857
0.019082703703703702,nan,S2_alpha0.3_seed1337_game8_b40e82c5,0.725925925925926,0.42105263157894735
0.020457304347826086,nan,S2_alpha0.3_seed1337_game9_7416f1d6,0.6956521739130435,0.23529411764705882
0.020001772727272726,nan,S2_alpha0.3_seed1337_game10_50376a04,0.5909090909090909,0.3125
0.017125742857142856,nan,S2_alpha0.3_seed1337_game11_54dbd7fa,0.64,0.28
0.018831066666666667,nan,S2_alpha0.3_seed1337_game12_9bf25331,0.6733333333333333,0.22727272727272727
0.019631370370370372,nan,S2_alpha0.3_seed1337_game13_c2694727,0.6666666666666666,0.3684210526315789
0.018877285714285715,nan,S2_alpha0.3_seed1337_game14_d4c6ec27,0.6171428571428571,0.04
0.02358725,nan,S2_alpha0.3_seed1337_game15_79e3ee42,0.7,0.4117647058823529
0.017918793103448277,nan,S2_alpha0.3_seed1337_game16_ad3d3824,0.5896551724137931,0.23809523809523808
0.01908742857142857,nan,S2_alpha0.3_seed1337_game17_9b045715,0.6761904761904762,0.3333333333333333
0.02005755172413793,nan,S2_alpha0.3_seed1337_game18_1cc1b331,0.6310344827586207,0.09523809523809523
0.02034208695652174,nan,S2_alpha0.3_seed1337_game19_8f51d360,0.6782608695652174,0.17647058823529413
0.021988548387096775,nan,S2_alpha0.3_seed1337_game20_c2182982,0.6419354838709678,0.36363636363636365
0.023326291666666665,nan,S2_alpha0.3_seed1337_game21_d910be9b,0.5958333333333333,0.3333333333333333
0.019910241379310346,nan,S2_alpha0.3_seed1337_game22_9c20e112,0.6413793103448275,0.14285714285714285
0.020995312500000002,nan,S2_alpha0.3_seed1337_game23_1339fbb2,0.71875,0.3333333333333333
0.020458818181818182,nan,S2_alpha0.3_seed1337_game24_c9495969,0.6136363636363636,0.25
0.019495413793103447,nan,S2_alpha0.3_seed1337_game25_77734f1f,0.6,0.19047619047619047
0.018934166666666665,nan,S2_alpha0.3_seed1337_game26_3ced6f65,0.51,0.09090909090909091
0.018369966666666668,nan,S2_alpha0.3_seed1337_game27_6d9eb0cf,0.7066666666666667,0.3181818181818182
0.017842285714285713,nan,S2_alpha0.3_seed1337_game28_ec207305,0.5857142857142857,0.68
0.019361187499999998,nan,S2_alpha0.3_seed1337_game29_32b34020,0.509375,0.4583333333333333
0.02162253846153846,nan,S2_alpha0.3_seed1337_game30_e0cc6b10,0.6192307692307693,0.3684210526315789
0.020298074074074073,nan,S2_alpha0.3_seed1337_game31_511658db,0.5481481481481482,0.10526315789473684
0.017401314285714287,nan,S2_alpha0.3_seed1337_game32_1b4cba88,0.6371428571428571,0.52
0.02149625,nan,S2_alpha0.3_seed1337_game33_0770816a,0.6041666666666666,0.21052631578947367
0.019514344827586207,nan,S2_alpha0.3_seed1337_game34_8d03af1a,0.5896551724137931,0.2857142857142857
0.02013937037037037,nan,S2_alpha0.3_seed1337_game35_c5b2afa5,0.6296296296296297,0.2631578947368421
0.018141724137931033,nan,S2_alpha0.3_seed1337_game36_a16e6c56,0.6896551724137931,0.2857142857142857
0.019071,nan,S2_alpha0.3_seed1337_game37_9c1f0dd2,0.7035714285714285,0.36363636363636365
0.022925208333333332,nan,S2_alpha0.3_seed1337_game38_bd146497,0.6333333333333333,0.35294117647058826
0.01984732258064516,nan,S2_alpha0.3_seed1337_game39_26952689,0.6387096774193548,0.08
0.02229137037037037,nan,S2_alpha0.3_seed1337_game40_93413467,0.6592592592592592,0.15
0.01901455172413793,nan,S2_alpha0.3_seed1337_game41_53028ef8,0.6793103448275862,0.23809523809523808
0.017959285714285716,nan,S2_alpha0.3_seed1337_game42_ba468555,0.64,0.0
0.023143833333333332,nan,S2_alpha0.3_seed1337_game43_5ff1be80,0.6166666666666667,0.2222222222222222
0.02137575,nan,S2_alpha0.3_seed1337_game44_1164377d,0.609375,0.391304347826087
0.02346375,nan,S2_alpha0.3_seed1337_game45_8a55c916,0.5833333333333334,0.15789473684210525
0.019353333333333333,nan,S2_alpha0.3_seed1337_game46_3e108ccb,0.662962962962963,0.2631578947368421
0.020810387096774192,nan,S2_alpha0.3_seed1337_game47_35c12ace,0.6290322580645161,0.36363636363636365
0.01962537037037037,nan,S2_alpha0.3_seed1337_game48_b5ac0d39,0.6925925925925926,0.15789473684210525
0.024525416666666668,nan,S2_alpha0.3_seed1337_game49_44220fbd,0.6708333333333334,0.47058823529411764
0.02179509523809524,nan,S2_alpha0.3_seed1337_game50_6c3bd980,0.7142857142857143,0.06666666666666667
0.022925791666666667,nan,S2_alpha0.3_seed1337_game51_4eb9c5ba,0.5833333333333334,0.5294117647058824
0.022920142857142858,nan,S2_alpha0.3_seed1337_game52_ee7337ce,0.6714285714285715,0.26666666666666666
0.021768,nan,S2_alpha0.3_seed1337_game53_7cc147e4,0.5818181818181818,0.125
0.0193707027027027,nan,S2_alpha0.3_seed1337_game54_15a5b7af,0.6324324324324324,0.4074074074074074
0.019467657894736843,nan,S2_alpha0.3_seed1337_game55_d628b784,0.5736842105263158,0.6666666666666666
0.02076758064516129,nan,S2_alpha0.3_seed1337_game56_ae2c3e28,0.6064516129032258,0.18181818181818182
0.024224708333333334,nan,S2_alpha0.3_seed1337_game57_9dd844c2,0.7,0.3333333333333333
0.01831741379310345,nan,S2_alpha0.3_seed1337_game58_6562b715,0.6379310344827587,0.6363636363636364
0.02521075,nan,S2_alpha0.3_seed1337_game59_8aa7ddf3,0.6666666666666666,0.35294117647058826
0.017437514285714287,nan,S2_alpha0.3_seed1337_game60_a49b8233,0.6428571428571429,0.2
0.02042657894736842,nan,S2_alpha0.3_seed1337_game61_d0140952,0.6157894736842106,0.5185185185185185
0.019106142857142856,nan,S2_alpha0.3_seed1337_game62_1bfc091d,0.7214285714285714,0.4
0.022138142857142856,nan,S2_alpha0.3_seed1337_game63_79fc213b,0.5952380952380952,0.13333333333333333
0.018815148148148147,nan,S2_alpha0.3_seed1337_game64_020abf8f,0.662962962962963,0.5263157894736842
0.021062833333333333,nan,S2_alpha0.3_seed1337_game65_3ec424a2,0.6708333333333334,0.29411764705882354
0.018565266666666667,nan,S2_alpha0.3_seed1337_game66_1cee01b3,0.63,0.2727272727272727
0.017524457142857143,nan,S2_alpha0.3_seed1337_game67_b9db98a3,0.6171428571428571,0.48
0.01926862962962963,nan,S2_alpha0.3_seed1337_game68_21e63f4f,0.662962962962963,0.05263157894736842
0.021708296296296295,nan,S2_alpha0.3_seed1337_game69_7aa8e1b7,0.6296296296296297,0.2
0.022313653846153848,nan,S2_alpha0.3_seed1337_game70_848d5fce,0.5461538461538462,0.3684210526315789
0.019680655172413793,nan,S2_alpha0.3_seed1337_game71_72aa0742,0.6931034482758621,0.23809523809523808
0.020935714285714287,nan,S2_alpha0.3_seed1337_game72_e0e7569e,0.6476190476190476,0.4
0.021264037037037036,nan,S2_alpha0.3_seed1337_game73_a3c75305,0.6,0.10526315789473684
0.02423,nan,S2_alpha0.3_seed1337_game74_8b9bd813,0.6666666666666666,0.2777777777777778
0.019829117647058823,nan,S2_alpha0.3_seed1337_game75_94373880,0.5676470588235294,0.25925925925925924
0.023004285714285713,nan,S2_alpha0.3_seed1337_game76_f94ed896,0.6380952380952382,0.4666666666666667
0.024015083333333333,nan,S2_alpha0.3_seed1337_game77_762dc6fe,0.6166666666666667,0.2631578947368421
0.018338685714285714,nan,S2_alpha0.3_seed1337_game78_e2070105,0.6171428571428571,0.28
0.021278275862068964,nan,S2_alpha0.3_seed1337_game79_1c18df9b,0.6482758620689655,0.2608695652173913
0.02175890476190476,nan,S2_alpha0.3_seed1337_game80_49b0d4d9,0.7714285714285715,0.4375
0.019018217391304347,nan,S2_alpha0.3_seed1337_game81_62e617ef,0.6521739130434783,0.4444444444444444
0.020547526315789474,nan,S2_alpha0.3_seed1337_game82_8e91d849,0.6263157894736843,0.2962962962962963
0.023824375,nan,S2_alpha0.3_seed1337_game83_1eb5b7fe,0.6833333333333333,0.21052631578947367
0.02171046875,nan,S2_alpha0.3_seed1337_game84_0ed2f3a4,0.6625,0.17391304347826086
0.01988684375,nan,S2_alpha0.3_seed1337_game85_31c9746c,0.65,0.375
0.02198114285714286,nan,S2_alpha0.3_seed1337_game86_10dca820,0.5619047619047619,0.3333333333333333
0.025641166666666666,nan,S2_alpha0.3_seed1337_game87_afca5d58,0.6333333333333333,0.16666666666666666
0.0194513,nan,S2_alpha0.3_seed1337_game88_f7020642,0.67,0.22727272727272727
0.02032490909090909,nan,S2_alpha0.3_seed1337_game89_5fd61ea8,0.5681818181818182,0.375
0.02204777419354839,nan,S2_alpha0.3_seed1337_game90_cebdab3f,0.6387096774193548,0.09090909090909091
0.020355904761904763,nan,S2_alpha0.3_seed1337_game91_66f25d2d,0.5619047619047619,0.5
0.02148068181818182,nan,S2_alpha0.3_seed1337_game92_75546040,0.6454545454545455,0.125
0.02116153125,nan,S2_alpha0.3_seed1337_game93_2ad112ea,0.51875,0.2608695652173913
0.02150648148148148,nan,S2_alpha0.3_seed1337_game94_ec390bb7,0.5555555555555556,0.45
0.019966866666666666,nan,S2_alpha0.3_seed1337_game95_8015ac7b,0.65,0.045454545454545456
0.022443925925925926,nan,S2_alpha0.3_seed1337_game96_e910af98,0.5481481481481482,0.25
0.020518918918918917,nan,S2_alpha0.3_seed1337_game97_78ddb1c8,0.6756756756756757,0.5185185185185185
0.022225166666666667,nan,S2_alpha0.3_seed1337_game98_4945f7d8,0.5666666666666667,0.38095238095238093
0.021176827586206898,nan,S2_alpha0.3_seed1337_game99_7e6dee2c,0.6068965517241379,0.13043478260869565
0.022226666666666665,nan,S2_alpha0.3_seed1337_game100_86dedf83,0.5714285714285714,0.13333333333333333
0.019310642857142856,nan,S2_alpha0.3_seed1337_game101_1bf002e6,0.6428571428571429,0.3
0.02080240625,nan,S2_alpha0.3_seed1337_game102_92f3119f,0.578125,0.30434782608695654
0.02230567857142857,nan,S2_alpha0.3_seed1337_game103_a45c1364,0.625,0.18181818181818182
0.01907117142857143,nan,S2_alpha0.3_seed1337_game104_fe282a35,0.6257142857142857,0.12
0.01979,nan,S2_alpha0.3_seed1337_game105_718803a9,0.6052631578947368,0.4074074074074074
0.02307161904761905,nan,S2_alpha0.3_seed1337_game106_6f8ec799,0.6333333333333333,0.26666666666666666
0.0181279375,nan,S2_alpha0.3_seed1337_game107_fbe8d08b,0.6,0.5384615384615384
0.021589133333333333,nan,S2_alpha0.3_seed1337_game108_9b04d324,0.5266666666666667,0.5
0.02147486666666667,nan,S2_alpha0.3_seed1337_game109_a9119a06,0.6366666666666667,0.38095238095238093
0.0179832,nan,S2_alpha0.3_seed1337_game110_deca9e22,0.7,0.4090909090909091
0.02031158620689655,nan,S2_alpha0.3_seed1337_game111_0128ced0,0.6172413793103448,0.47619047619047616
0.023232666666666665,nan,S2_alpha0.3_seed1337_game112_c78def4e,0.562962962962963,0.2857142857142857
0.01933277777777778,nan,S2_alpha0.3_seed1337_game113_a9585fdc,0.5703703703703704,0.3157894736842105
0.018966703703703704,nan,S2_alpha0.3_seed1337_game114_2771b899,0.5444444444444445,0.3157894736842105
0.019315444444444444,nan,S2_alpha0.3_seed1337_game115_122b4908,0.5333333333333333,0.21052631578947367
0.023075083333333333,nan,S2_alpha0.3_seed1337_game116_502fb55c,0.6041666666666666,0.3333333333333333
0.020712333333333333,nan,S2_alpha0.3_seed1337_game117_f0ce214f,0.6851851851851852,0.3684210526315789
0.023251827586206895,nan,S2_alpha0.3_seed1337_game118_75bad3a3,0.5586206896551724,0.38095238095238093
0.021786074074074072,nan,S2_alpha0.3_seed1337_game119_ce3f4f9b,0.5555555555555556,0.47619047619047616
0.019632785714285714,nan,S2_alpha0.3_seed1337_game120_094cb1a0,0.7642857142857142,0.45
0.021876772727272727,nan,S2_alpha0.3_seed1337_game121_e59070fb,0.6318181818181818,0.375
0.019312407407407407,nan,S2_alpha0.3_seed1337_game122_e8e72873,0.6481481481481481,0.2631578947368421
0.017662085714285715,nan,S2_alpha0.3_seed1337_game123_ae745766,0.6028571428571429,0.12
0.02163625,nan,S2_alpha0.3_seed1337_game124_f1e12abb,0.678125,0.4166666666666667
0.0185697,nan,S2_alpha0.3_seed1337_game125_63deef5c,0.6466666666666667,0.22727272727272727
0.019151034482758622,nan,S2_alpha0.3_seed1337_game126_c05fd481,0.6586206896551724,0.2857142857142857
0.021316136363636363,nan,S2_alpha0.3_seed1337_game127_d75aa6ca,0.4636363636363636,0.4375
0.01853062068965517,nan,S2_alpha0.3_seed1337_game128_f0807423,0.6965517241379311,0.14285714285714285
0.021856166666666666,nan,S2_alpha0.3_seed1337_game129_1cca018f,0.7166666666666667,0.375
0.01911889655172414,nan,S2_alpha0.3_seed1337_game130_a6860567,0.6172413793103448,0.047619047619047616
0.020090655172413794,nan,S2_alpha0.3_seed1337_game131_26f6835f,0.7551724137931035,0.09523809523809523
0.021902,nan,S2_alpha0.3_seed1337_game132_e01c7d98,0.6419354838709678,0.2916666666666667
0.023454041666666668,nan,S2_alpha0.3_seed1337_game133_9d6a72da,0.6458333333333334,0.3684210526315789
0.019131085714285713,nan,S2_alpha0.3_seed1337_game134_bf406469,0.5314285714285715,0.2
0.021928066666666666,nan,S2_alpha0.3_seed1337_game135_f06841fb,0.5666666666666667,0.09523809523809523
0.02372364,nan,S2_alpha0.3_seed1337_game136_523732f4,0.652,0.35
0.02175462962962963,nan,S2_alpha0.3_seed1337_game137_8cb2789c,0.6185185185185186,0.3
0.02046082142857143,nan,S2_alpha0.3_seed1337_game138_bfcba77d,0.625,0.1
0.020946041666666665,nan,S2_alpha0.3_seed1337_game139_bc562378,0.6,0.3888888888888889
0.02035578947368421,nan,S2_alpha0.3_seed1337_game140_8cc75a5a,0.5921052631578947,0.3333333333333333
0.020895533333333334,nan,S2_alpha0.3_seed1337_game141_4280944e,0.5933333333333334,0.5454545454545454
0.0210727,nan,S2_alpha0.3_seed1337_game142_a2221fa3,0.5866666666666667,0.42857142857142855
0.0176918,nan,S2_alpha0.3_seed1337_game143_f51f347f,0.5542857142857143,0.4
0.01963581818181818,nan,S2_alpha0.3_seed1337_game144_b4e8d5f1,0.5772727272727273,0.125
0.019555238095238094,nan,S2_alpha0.3_seed1337_game145_b4a73348,0.6047619047619047,0.4666666666666667
0.019517379310344828,nan,S2_alpha0.3_seed1337_game146_8d8f2f30,0.5517241379310345,0.23809523809523808
0.0193835,nan,S2_alpha0.3_seed1337_game147_b2d294e7,0.6411764705882353,0.12
0.01940434482758621,nan,S2_alpha0.3_seed1337_game148_6aab301b,0.596551724137931,0.36363636363636365
0.01862106666666667,nan,S2_alpha0.3_seed1337_game149_87c82f4b,0.5966666666666667,0.3181818181818182
0.02125095652173913,nan,S2_alpha0.3_seed2718_game0_aa2c5f07,0.5217391304347826,0.11764705882352941
0.02213104761904762,nan,S2_alpha0.3_seed2718_game1_ea656523,0.6333333333333333,0.35294117647058826
0.0191382,nan,S2_alpha0.3_seed2718_game2_391edeb5,0.5433333333333333,0.3181818181818182
0.01927742857142857,nan,S2_alpha0.3_seed2718_game3_baabcc37,0.5714285714285714,0.35
0.019731379310344827,nan,S2_alpha0.3_seed2718_game4_12ab67d5,0.596551724137931,0.2857142857142857
0.02131842857142857,nan,S2_alpha0.3_seed2718_game5_356b9c6a,0.49523809523809526,0.4
0.018056914285714286,nan,S2_alpha0.3_seed2718_game6_771f181b,0.6,0.12
0.02062308695652174,nan,S2_alpha0.3_seed2718_game7_88ecc36a,0.6086956521739131,0.35294117647058826
0.018544052631578947,nan,S2_alpha0.3_seed2718_game8_e6c17dc2,0.5131578947368421,0.48148148148148145
0.02001409375,nan,S2_alpha0.3_seed2718_game9_f26b0060,0.5625,0.17391304347826086
0.019051181818181818,nan,S2_alpha0.3_seed2718_game10_6495df1d,0.6272727272727273,0.4444444444444444
0.0190426,nan,S2_alpha0.3_seed2718_game11_e3fcac67,0.5742857142857143,0.4
0.021959285714285716,nan,S2_alpha0.3_seed2718_game12_e88e0e92,0.6,0.2
0.02429204761904762,nan,S2_alpha0.3_seed2718_game13_700668c6,0.580952380952381,0.06666666666666667
0.02166796551724138,nan,S2_alpha0.3_seed2718_game14_da3265c5,0.5379310344827586,0.21739130434782608
0.02183651724137931,nan,S2_alpha0.3_seed2718_game15_082bf96e,0.6,0.47619047619047616
0.018604885714285715,nan,S2_alpha0.3_seed2718_game16_fa9c2f1e,0.64,0.32
0.02000714814814815,nan,S2_alpha0.3_seed2718_game17_e6b5bcbd,0.6555555555555556,0.21052631578947367
0.021804961538461537,nan,S2_alpha0.3_seed2718_game18_a2a6ca9a,0.6461538461538462,0.2631578947368421
0.019220117647058825,nan,S2_alpha0.3_seed2718_game19_ade5659a,0.6176470588235294,0.84
0.021170333333333333,nan,S2_alpha0.3_seed2718_game20_c389e3ff,0.5777777777777778,0.4
0.020474741935483872,nan,S2_alpha0.3_seed2718_game21_433f6621,0.6451612903225806,0.12
0.019102407407407408,nan,S2_alpha0.3_seed2718_game22_32e7997b,0.7037037037037037,0.5789473684210527
0.02118793548387097,nan,S2_alpha0.3_seed2718_game23_62131a8c,0.49354838709677423,0.5454545454545454
0.019988166666666668,nan,S2_alpha0.3_seed2718_game24_f27f9b5d,0.5133333333333333,0.20833333333333334
0.02032413043478261,nan,S2_alpha0.3_seed2718_game25_7a615c72,0.6608695652173913,0.4117647058823529
0.02052262068965517,nan,S2_alpha0.3_seed2718_game26_3f22c448,0.4827586206896552,0.2857142857142857
0.023137708333333333,nan,S2_alpha0.3_seed2718_game27_33b96355,0.5666666666666667,0.3157894736842105
0.01984971875,nan,S2_alpha0.3_seed2718_game28_cd58bc29,0.56875,0.3333333333333333
0.023117125,nan,S2_alpha0.3_seed2718_game29_11eda035,0.6291666666666667,0.17647058823529413
0.0203865,nan,S2_alpha0.3_seed2718_game30_f06ba6a0,0.5818181818181818,0.3125
0.021199761904761905,nan,S2_alpha0.3_seed2718_game31_f6c8a318,0.638095238095238,0.13333333333333333
0.021277318181818182,nan,S2_alpha0.3_seed2718_game32_f05e23b7,0.6545454545454545,0.25
0.019319655172413793,nan,S2_alpha0.3_seed2718_game33_5c01ef25,0.6551724137931034,0.23809523809523808
0.022339517241379312,nan,S2_alpha0.3_seed2718_game34_b205b0ca,0.6275862068965518,0.42857142857142855
0.02025827272727273,nan,S2_alpha0.3_seed2718_game35_3b824907,0.6181818181818182,0.125
0.023502541666666668,nan,S2_alpha0.3_seed2718_game36_2125a2f8,0.6041666666666666,0.17647058823529413
0.024688571428571428,nan,S2_alpha0.3_seed2718_game37_b06c1753,0.5952380952380952,0.0
0.02302075,nan,S2_alpha0.3_seed2718_game38_0333485b,0.7,0.4117647058823529
0.019437391304347826,nan,S2_alpha0.3_seed2718_game39_a062a891,0.5608695652173913,0.35294117647058826
0.02165396153846154,nan,S2_alpha0.3_seed2718_game40_8fbdf7b9,0.6653846153846154,0.3684210526315789
0.019977911764705883,nan,S2_alpha0.3_seed2718_game41_495d81c8,0.5794117647058824,0.48
0.020462807692307693,nan,S2_alpha0.3_seed2718_game42_2f16c708,0.6192307692307693,0.3157894736842105
0.01863242857142857,nan,S2_alpha0.3_seed2718_game43_653885a2,0.6942857142857143,0.4
0.023721655172413793,nan,S2_alpha0.3_seed2718_game44_72b56430,0.596551724137931,0.30434782608695654
0.021469038461538463,nan,S2_alpha0.3_seed2718_game45_02c4f4a3,0.5846153846153846,0.42857142857142855
0.021288045454545455,nan,S2_alpha0.3_seed2718_game46_35e37739,0.6090909090909091,0.4375
0.022512233333333333,nan,S2_alpha0.3_seed2718_game47_667f1bd6,0.5700000000000001,0.391304347826087
0.018749000000000002,nan,S2_alpha0.3_seed2718_game48_1d7fa4b9,0.5413793103448276,0.38095238095238093
0.02084362962962963,nan,S2_alpha0.3_seed2718_game49_16c4f4b8,0.774074074074074,0.2631578947368421
0.02286604761904762,nan,S2_alpha0.3_seed2718_game50_113945f6,0.6619047619047619,0.2
0.022869666666666667,nan,S2_alpha0.3_seed2718_game51_4a389c3d,0.5166666666666667,0.4117647058823529
0.018588185185185183,nan,S2_alpha0.3_seed2718_game52_42d6daeb,0.5333333333333333,0.3684210526315789
0.02050553846153846,nan,S2_alpha0.3_seed2718_game53_dbe6fc3d,0.5615384615384615,0.3684210526315789
0.01910844827586207,nan,S2_alpha0.3_seed2718_game54_df5d2977,0.5862068965517242,0.19047619047619047
0.02044068181818182,nan,S2_alpha0.3_seed2718_game55_8b4e7b16,0.6363636363636364,0.5
0.01861373913043478,nan,S2_alpha0.3_seed2718_game56_ed67efdd,0.682608695652174,0.5
0.02102103125,nan,S2_alpha0.3_seed2718_game57_0092e5cb,0.584375,0.4782608695652174
0.0180812,nan,S2_alpha0.3_seed2718_game58_6d3d3bd8,0.6028571428571429,0.32
0.02118975,nan,S2_alpha0.3_seed2718_game59_c7b955a3,0.675,0.2608695652173913
0.021433153846153845,nan,S2_alpha0.3_seed2718_game60_eca5f896,0.6538461538461539,0.2631578947368421
0.020985181818181816,nan,S2_alpha0.3_seed2718_game61_fd18a8a0,0.6227272727272728,0.3125
0.026364875,nan,S2_alpha0.3_seed2718_game62_06571b20,0.525,0.2222222222222222
0.024326375,nan,S2_alpha0.3_seed2718_game63_ea36c609,0.6166666666666667,0.3684210526315789
0.02103884375,nan,S2_alpha0.3_seed2718_game64_20c6db5c,0.546875,0.2608695652173913
0.02120495238095238,nan,S2_alpha0.3_seed2718_game65_2c1d6e4a,0.5190476190476191,0.13333333333333333
0.022905166666666667,nan,S2_alpha0.3_seed2718_game66_c287f080,0.675,0.15789473684210525
0.020880592592592593,nan,S2_alpha0.3_seed2718_game67_9b1c6d33,0.6111111111111112,0.3157894736842105
0.017964466666666668,nan,S2_alpha0.3_seed2718_game68_d58e88ca,0.59,0.3181818181818182
0.02049372727272727,nan,S2_alpha0.3_seed2718_game69_b0e38520,0.6,0.1875
0.020253954545454547,nan,S2_alpha0.3_seed2718_game70_a1f2ff72,0.5818181818181818,0.3125
0.018695142857142858,nan,S2_alpha0.3_seed2718_game71_16edf1c2,0.6142857142857143,0.25
0.01911132142857143,nan,S2_alpha0.3_seed2718_game72_09b3f736,0.65,0.35
0.020945666666666668,nan,S2_alpha0.3_seed2718_game73_0c1c53c6,0.6571428571428571,0.2
0.020513631578947367,nan,S2_alpha0.3_seed2718_game74_eae7e171,0.5894736842105264,0.4074074074074074
0.023535166666666666,nan,S2_alpha0.3_seed2718_game75_a99a95fb,0.6458333333333334,0.2777777777777778
0.019793357142857144,nan,S2_alpha0.3_seed2718_game76_c8d1929b,0.5785714285714286,0.1
0.0184829,nan,S2_alpha0.3_seed2718_game77_34e79a52,0.67,0.36363636363636365
0.021884857142857143,nan,S2_alpha0.3_seed2718_game78_7cae556a,0.638095238095238,0.2
0.017820914285714286,nan,S2_alpha0.3_seed2718_game79_f4a91c80,0.7057142857142857,0.4
0.021658818181818182,nan,S2_alpha0.3_seed2718_game80_8894890d,0.7454545454545455,0.1875
0.02479064,nan,S2_alpha0.3_seed2718_game81_96da411a,0.56,0.3157894736842105
0.019516,nan,S2_alpha0.3_seed2718_game82_a72809df,0.6,0.36
0.017949857142857142,nan,S2_alpha0.3_seed2718_game83_1d841820,0.6428571428571429,0.12
0.020475656249999998,nan,S2_alpha0.3_seed2718_game84_6a2012ed,0.646875,0.3333333333333333
0.02098152380952381,nan,S2_alpha0.3_seed2718_game85_ed6224de,0.6571428571428571,0.5294117647058824
0.0190094,nan,S2_alpha0.3_seed2718_game86_b4e2de0c,0.6266666666666667,0.5
0.018797366666666666,nan,S2_alpha0.3_seed2718_game87_f323e99c,0.5866666666666667,0.36363636363636365
0.019347954545454547,nan,S2_alpha0.3_seed2718_game88_a6b8c952,0.7272727272727273,0.5
0.021340290322580644,nan,S2_alpha0.3_seed2718_game89_da005e90,0.6709677419354839,0.4090909090909091
0.025611416666666668,nan,S2_alpha0.3_seed2718_game90_0e5e27ad,0.6875,0.29411764705882354
0.02010444,nan,S2_alpha0.3_seed2718_game91_42f5ef53,0.576,0.4
0.02125496296296296,nan,S2_alpha0.3_seed2718_game92_7ca5c12d,0.5296296296296297,0.3684210526315789
0.019135966666666667,nan,S2_alpha0.3_seed2718_game93_7a24ea3a,0.6933333333333334,0.3181818181818182
0.023223874999999998,nan,S2_alpha0.3_seed2718_game94_0eb0154d,0.6833333333333333,0.35294117647058826
0.021568625,nan,S2_alpha0.3_seed2718_game95_073acd63,0.525,0.4166666666666667
0.022921,nan,S2_alpha0.3_seed2718_game96_f3b21a8e,0.6285714285714286,0.3333333333333333
0.02137473076923077,nan,S2_alpha0.3_seed2718_game97_2b3c07ec,0.6884615384615385,0.19047619047619047
0.02229242857142857,nan,S2_alpha0.3_seed2718_game98_ae5e4854,0.5571428571428572,0.26666666666666666
0.02079816,nan,S2_alpha0.3_seed2718_game99_04d69ff8,0.5640000000000001,0.3
0.022530333333333333,nan,S2_alpha0.3_seed2718_game100_87907df1,0.4857142857142857,0.3333333333333333
0.02219064,nan,S2_alpha0.3_seed2718_game101_cf0daf2c,0.648,0.15
0.01929914285714286,nan,S2_alpha0.3_seed2718_game102_a01e1130,0.5678571428571428,0.25
0.02037375,nan,S2_alpha0.3_seed2718_game103_88680160,0.625,0.2
0.01773842857142857,nan,S2_alpha0.3_seed2718_game104_949321d7,0.5571428571428572,0.2
0.022593714285714286,nan,S2_alpha0.3_seed2718_game105_980d0a35,0.5619047619047619,0.13333333333333333
0.02117374193548387,nan,S2_alpha0.3_seed2718_game106_7be0852a,0.6612903225806451,0.5909090909090909
0.020644833333333334,nan,S2_alpha0.3_seed2718_game107_599f4d56,0.7166666666666667,0.6666666666666666
0.0179042,nan,S2_alpha0.3_seed2718_game108_1ce982b2,0.6171428571428571,0.32
0.0191186,nan,S2_alpha0.3_seed2718_game109_5fa33739,0.6133333333333334,0.36363636363636365
0.021978809523809525,nan,S2_alpha0.3_seed2718_game110_09a12d9b,0.5714285714285714,0.2
0.01877467857142857,nan,S2_alpha0.3_seed2718_game111_fbefa946,0.5857142857142857,0.5
0.018096285714285714,nan,S2_alpha0.3_seed2718_game112_78e250bb,0.5785714285714286,0.45
0.0220782,nan,S2_alpha0.3_seed2718_game113_db6308f9,0.7066666666666667,0.2916666666666667
0.021346333333333335,nan,S2_alpha0.3_seed2718_game114_fca2411d,0.5,0.3333333333333333
0.0229224,nan,S2_alpha0.3_seed2718_game115_cf1d345c,0.428,0.35
0.0185468,nan,S2_alpha0.3_seed2718_game116_eb9dad60,0.62,0.5909090909090909
0.018306066666666666,nan,S2_alpha0.3_seed2718_game117_42fa8356,0.6733333333333333,0.5
0.018276342857142858,nan,S2_alpha0.3_seed2718_game118_e1bc2b42,0.58,0.28
0.019437413793103448,nan,S2_alpha0.3_seed2718_game119_b07cb2d9,0.6896551724137931,0.3333333333333333
0.018969592592592593,nan,S2_alpha0.3_seed2718_game120_c07ae250,0.5740740740740741,0.15789473684210525
0.018339965517241378,nan,S2_alpha0.3_seed2718_game121_c9f63e2f,0.6275862068965518,0.2857142857142857
0.020648147058823528,nan,S2_alpha0.3_seed2718_game122_c79c7e49,0.6470588235294118,0.28
0.02001448148148148,nan,S2_alpha0.3_seed2718_game123_a0da42fb,0.5555555555555556,0.10526315789473684
0.019727142857142856,nan,S2_alpha0.3_seed2718_game124_76680141,0.66,0.2
0.020796444444444444,nan,S2_alpha0.3_seed2718_game125_9f40f9d2,0.5962962962962963,0.15789473684210525
0.02326357142857143,nan,S2_alpha0.3_seed2718_game126_680fbfd1,0.6142857142857143,0.3333333333333333
0.02196809677419355,nan,S2_alpha0.3_seed2718_game127_8ae1a206,0.5838709677419355,0.3181818181818182
0.02247509523809524,nan,S2_alpha0.3_seed2718_game128_a2f03fb8,0.6523809523809524,0.26666666666666666
0.020645714285714285,nan,S2_alpha0.3_seed2718_game129_dcaa0572,0.6476190476190476,0.26666666666666666
0.020425423076923077,nan,S2_alpha0.3_seed2718_game130_bc885de4,0.6269230769230769,0.47368421052631576
0.017467314285714287,nan,S2_alpha0.3_seed2718_game131_03dd79fc,0.6057142857142858,0.2
0.021061636363636362,nan,S2_alpha0.3_seed2718_game132_1be53964,0.6363636363636364,0.25
0.02027394736842105,nan,S2_alpha0.3_seed2718_game133_ebdb7922,0.6157894736842106,0.1111111111111111
0.017771342857142856,nan,S2_alpha0.3_seed2718_game134_13af71b4,0.6171428571428571,0.52
0.01843482857142857,nan,S2_alpha0.3_seed2718_game135_526143bb,0.62,0.12
0.0192588125,nan,S2_alpha0.3_seed2718_game136_38e9f9d8,0.51875,0.6153846153846154
0.021083357142857143,nan,S2_alpha0.3_seed2718_game137_0bc94185,0.5892857142857143,0.2
0.021410636363636364,nan,S2_alpha0.3_seed2718_game138_e70dfc5e,0.5363636363636364,0.0
0.019834,nan,S2_alpha0.3_seed2718_game139_79c3ba3f,0.66,0.2
0.024108333333333332,nan,S2_alpha0.3_seed2718_game140_028eb943,0.7041666666666667,0.16666666666666666
0.02173247619047619,nan,S2_alpha0.3_seed2718_game141_06474c40,0.6857142857142857,0.4375
0.020578029411764707,nan,S2_alpha0.3_seed2718_game142_8b8730ba,0.5911764705882353,0.4
0.019066045454545454,nan,S2_alpha0.3_seed2718_game143_aaa00ed9,0.5545454545454546,0.4444444444444444
0.020649380952380954,nan,S2_alpha0.3_seed2718_game144_83f78dec,0.6,0.4
0.019604214285714287,nan,S2_alpha0.3_seed2718_game145_1437ad75,0.7,0.1
0.017578342857142857,nan,S2_alpha0.3_seed2718_game146_f14390e9,0.6457142857142857,0.36
0.021668518518518518,nan,S2_alpha0.3_seed2718_game147_34497c13,0.5703703703703704,0.3157894736842105
0.0213212,nan,S2_alpha0.3_seed2718_game148_4afc9d99,0.6733333333333333,0.125
0.021669777777777777,nan,S2_alpha0.3_seed2718_game149_021c094d,0.5925925925925926,0.47368421052631576
